Date,Invoice No./Txn No.,Party Name,Type,Item Name,Quantity,UnitPrice,Transaction Type,Amount
2022-01-20,89,Tracker,Tool and die making,ID card coaster top 2 cavity automatic moulding -1 set (380MM X380 MMX300MM),1,249500.0,Sale,249500.0
2022-01-20,89,Tracker,Tool and die making,ID card coaster bottom 2 cavity automatic moulding -1 set(380MMX380MMX300),1,215000.0,Sale,215000.0
2022-03-02,111,MED MED,Tool and die making,Cam type Lose insert single cavity automatic mould for IBT body,1,197800.0,Sale,197800.0
2022-07-27,181,Tracker,Tool and die making,Coaster cover signle cavity  two sided CAM automatic mould (250MMX200MMX250),1,182000.0,Sale,182000.0
2022-01-20,88,Tracker,Tool and die making,Mould for infant fully automatic 4 cavity family mould,1,180000.0,Sale,180000.0
2022-05-02,135,Tracker,Tool and die making,Coaster cover signle cavity automatic mould (250MMX200MMX250),1,110200.0,Sale,110200.0
2022-06-01,153,Tracker,Tool and die making,Wall mount hand mould single cavity die,1,82900.0,Sale,82900.0
2022-02-10,97,Tracker,Tool and die making,INFANT TAG - SEAL RUBBER DIE SET (10 Cavity),1,40000.0,Sale,40000.0
2021-10-28,64,Tracker,Tool and die making,New two blanching tool piller set assemble(1) and bending tool(1),1,32000.0,Sale,32000.0
2021-10-28,64,Tracker,Tool and die making,New two blanching tool piller set assemble (2 cavity),1,24000.0,Sale,24000.0
2022-05-31,151,Peerless,Tool and die making,Nebuliser plastic part 3D scanning and modeling(top and bottom),2,13500.0,Sale,27000.0
2022-06-08,157,Tracker,Tool and die making,infant tag correction work,1,5300.0,Sale,5300.0
2022-06-04,156,STG,transport,transport charge for HIPS material by Air,1,5000.0,Sale,5000.0
2022-08-08,184,MEDEVIS,shift work,ALUMINIUM FRAME - SIMMED,1,4200.0,Sale,4200.0
2022-02-01,94,Tracker,shift work,Coaster sample,2,2500.0,Sale,5000.0
2022-02-22,105,Tracker,shift work,Infant tag production 300 set - 1 shift,1,2500.0,Sale,2500.0
2022-02-26,109,BH,shift work,Transformer Bobbin labour work,5,2500.0,Sale,12500.0
2022-02-26,109,BH,shift work,Transformer Bobbin sampling and trial,1,2500.0,Sale,2500.0
2022-04-04,121,Tracker,shift work,Coaster  bottom and top ( 340 Set) two shift,2,2500.0,Sale,5000.0
2022-06-01,152,Tracker,shift work,Coaster ID card sample ( 40 No's),1,2500.0,Sale,2500.0
2022-06-02,154,KAPPA,shift work,Tool repair and polishing for PC insert die,2,2500.0,Sale,5000.0
2022-06-08,157,Tracker,shift work,infant track trial,1,2500.0,Sale,2500.0
2022-02-22,105,Tracker,Tool and die making,8 X 4 mild sheet with cutting,1,1900.0,Sale,1900.0
2022-02-17,100,KCD,Tool and die making,Moulding job for nylon componenents -OD 15.5MM,4,1100.0,Sale,4400.0
2022-04-04,120,KCD,shift work,Trial charge,1,1000.0,Sale,1000.0
2022-03-02,112,Tracker,shift work,Locttee638 50ML,1,630.0,Sale,630.0
2022-07-21,178,Sachin,shift work,MS components spares -Material and job work,8,525.0,Sale,4200.0
2022-03-02,112,Tracker,shift work,Locttee 415,1,420.0,Sale,420.0
2021-12-11,74,SIMMED,Production,14 FR BALLON FORMER,260,372.96,Sale,96969.6
2021-12-11,74,SIMMED,Production,16 FR Baloon former,260,369.0,Sale,95940.0
2022-02-01,94,Tracker,shift work,ABS material grey,20,356.95,Sale,7139.0
2022-02-10,98,Tracker,Production,ABF-0:00IlFi\v9 9t) - Evermoin,25,300.0,Sale,7500.0
2022-04-26,134,Tracker,Production,ABF-0:00IlFi\v9 9t) - Evermoin,50,300.0,Sale,15000.0
2022-08-09,187,MEDEVIS,Tool and die making,Gate valve 3 D printing,20,250.0,Sale,5000.0
2021-07-22,38,carporandum,Tool and die making,PERSPEX BLOCK 112 X 62 X 12 MM,200,201.25,Sale,40250.0
2022-04-13,126,KCD,Tool and die making,Mould spray,2,180.0,Sale,360.0
2021-08-06,42,MEDEVIS,Production,6 FR MAIN FORMER,600,48.0,Sale,28800.0
2021-08-06,42,MEDEVIS,Production,12 FR MAIN FORMER,600,47.0,Sale,28200.0
2021-08-24,50,MEDEVIS,Production,22 FR MAIN FORMER,200,43.0,Sale,8600.0
2021-08-24,50,MEDEVIS,Production,20 FR MAIN FORMER,200,41.0,Sale,8200.0
2022-06-08,158,MEDEVIS,Production,14FR Main Former,900,41.0,Sale,36900.0
2022-06-15,162,MEDEVIS,Production,14FR Main Former,1100,41.0,Sale,45100.0
2021-06-04,9,MED MED,Production,911 - MPS SHELL NEW P/C,500,40.25,Sale,20125.0
2021-06-16,26,MED MED,Production,911 - MPS SHELL NEW P/C,75,40.25,Sale,3018.75
2021-11-14,69,MED MED,Production,109 MPS SHELL NEW,150,40.25,Sale,6037.5
2022-01-20,87,MED MED,Production,911 - MPS SHELL NEW P/C,65,40.25,Sale,2616.25
2021-08-24,49,SIMMED,Production,14FR Main Former,100,39.0,Sale,3900.0
2021-08-24,49,SIMMED,Production,16FR Main Former,100,39.0,Sale,3900.0
2021-08-24,50,MEDEVIS,Production,18 FR MAIN FORMER,397,39.0,Sale,15483.0
2022-04-25,133,MEDEVIS,Production,18 FR MAIN FORMER,1000,39.0,Sale,39000.0
2021-06-04,9,MED MED,Production,1201 ABT base holder,100,35.5,Sale,3550.0
2021-06-11,22,MED MED,Production,1201 ABT BASE HOLDER  PC MW,200,35.5,Sale,7100.0
2021-07-09,34,MED MED,Production,1201 ABT BASE HOLDER  PC MW,500,35.5,Sale,17750.0
2021-07-15,35,MED MED,Production,1201 ABT BASE HOLDER  PC MW,728,35.5,Sale,25844.0
2021-09-17,1,MED MED,Production,1201 ABT BASE HOLDER  PC MW,350,35.5,Sale,12425.0
2021-10-01,2,MED MED,Production,1201 ABT BASE HOLDER  PC MW,650,35.5,Sale,23075.0
2021-10-22,61,MED MED,Production,1201 ABT BASE HOLDER  PC MW,250,35.5,Sale,8875.0
2021-12-14,76,MED MED,Production,1201 ABT BASE HOLDER  PC MW,300,35.5,Sale,10650.0
2021-12-20,79,MED MED,Production,1201 ABT BASE HOLDER  PC MW,200,35.5,Sale,7100.0
2022-01-20,86,MED MED,Production,1201 ABT BASE HOLDER  PC MW,100,35.5,Sale,3550.0
2022-01-24,91,MED MED,Production,1201 ABT BASE HOLDER  PC MW,485,35.5,Sale,17217.5
2022-02-17,102,MED MED,Production,1201 ABT BASE HOLDER  PC MW,1200,35.5,Sale,42600.0
2022-05-16,140,MED MED,Production,1201 ABT BASE HOLDER  PC MW,460,35.5,Sale,16330.0
2022-06-24,168,MED MED,Production,1201 ABT BASE HOLDER  PC MW,290,35.5,Sale,10295.0
2022-07-01,172,MED MED,Production,1201 ABT BASE HOLDER  PC MW,450,35.5,Sale,15975.0
2022-07-08,175,MED MED,Production,1201 ABT BASE HOLDER  PC MW,700,35.5,Sale,24850.0
2022-07-29,182,MED MED,Production,1201 ABT BASE HOLDER  PC MW,1000,35.5,Sale,35500.0
2022-08-09,186,MED MED,Production,1201 ABT BASE HOLDER  PC MW,250,35.5,Sale,8875.0
2022-08-16,190,MED MED,Production,1201 ABT BASE HOLDER  PC MW,400,35.5,Sale,14200.0
2022-08-24,193,MED MED,Production,1201 ABT BASE HOLDER  PC MW,78,35.5,Sale,2769.0
2021-04-12,4,MEDEVIS,Production,0.9 Wire Former,2000,35.0,Sale,70000.0
2021-04-12,4,MEDEVIS,Production,0.6 Wire Former,1500,35.0,Sale,52500.0
2021-04-17,7,SIMMED,Production,0.9 Wire Former,1400,35.0,Sale,49000.0
2021-06-18,27,SIMMED,Production,0.9 Wire Former,2000,35.0,Sale,70000.0
2021-07-07,33,MEDEVIS,Production,0.6 Wire Former,1850,35.0,Sale,64750.0
2021-07-15,36,MEDEVIS,Production,0.9 Wire Former,1500,35.0,Sale,52500.0
2021-07-24,39,SIMMED,Production,0.9 Wire Former,500,35.0,Sale,17500.0
2021-08-09,43,SIMMED,Production,0.9 Wire Former,1500,35.0,Sale,52500.0
2021-10-29,66,MEDEVIS,Production,0.9 Wire Former,1500,35.0,Sale,52500.0
2022-02-26,110,SIMMED,Production,0.6 Wire Former,1000,35.0,Sale,35000.0
2022-08-08,184,MEDEVIS,Production,0.9 Wire Former,1000,35.0,Sale,35000.0
2021-10-18,59,SIMMED,Production,0.9 Wire Former,2150,34.0,Sale,73100.0
2021-11-01,67,SIMMED,Production,0.9 Wire Former,2850,34.0,Sale,96900.0
2022-05-20,143,MEDEVIS,Production,0.9 Wire Former,1000,34.0,Sale,34000.0
2021-04-16,6,MED MED,Production,408 - CDS TOP PLATE P/C,360,33.88,Sale,12196.8
2021-04-21,8,MED MED,Production,408 - CDS TOP PLATE P/C,630,33.88,Sale,21344.4
2021-06-11,22,MED MED,Production,408 CDS Top Plate PC,780,33.88,Sale,26426.4
2021-06-16,25,MED MED,Production,408 - CDS TOP PLATE P/C,2600,33.88,Sale,88088.0
2021-06-25,28,MED MED,Production,408 - CDS TOP PLATE P/C,2717,33.88,Sale,92051.96
2021-08-20,46,MED MED,Production,408 - CDS TOP PLATE P/C,2000,33.88,Sale,67760.0
2021-12-21,82,MED MED,Production,408 CDS Top Plate PC,2000,33.88,Sale,67760.0
2022-01-24,90,MED MED,Production,408 - CDS TOP PLATE P/C,1000,33.88,Sale,33880.0
2022-03-25,119,MED MED,Production,408 - CDS TOP PLATE P/C,1000,33.88,Sale,33880.0
2022-04-24,131,MED MED,Production,408 - CDS TOP PLATE P/C,1200,33.88,Sale,40656.0
2022-05-25,147,MED MED,Production,408 - CDS TOP PLATE P/C,1000,33.88,Sale,33880.0
2022-06-22,165,MED MED,Production,408 - CDS TOP PLATE P/C,2000,33.88,Sale,67760.0
2021-04-12,4,MEDEVIS,Production,Rework Mainformers,501,31.0,Sale,15531.0
2022-02-02,96,SIMMED,Production,"MAIN FORMER RE, WORK",1205,29.27,Sale,35270.35
2021-11-29,71,SIMMED,Production,WIRE ADAPTER,400,28.0,Sale,11200.0
2021-12-11,75,SIMMED,Production,WIRE ADAPTER,1200,28.0,Sale,33600.0
2021-12-15,78,SIMMED,Production,ADAPTER FOR WIRE FORMER,1000,28.0,Sale,28000.0
2021-06-11,22,MED MED,Production,1080 MPS Top Cover,800,22.13,Sale,17704.0
2021-06-11,22,MED MED,Production,1081 MPS Bottom Cover,500,22.13,Sale,11065.0
2021-06-11,24,MED MED,Production,1081 MPS Bottom Cover,300,22.13,Sale,6639.0
2021-07-02,29,MED MED,Production,1080 MPS Top Cover,1100,22.13,Sale,24343.0
2021-07-02,29,MED MED,Production,1081 MPS Bottom Cover,1100,22.13,Sale,24343.0
2021-07-09,34,MED MED,Production,1080 MPS Top Cover,800,22.13,Sale,17704.0
2021-08-20,47,MED MED,Production,1080 MPS Top Cover,1255,22.13,Sale,27773.15
2021-09-13,55,MED MED,Production,1081 MPS Bottom Cover,1500,22.13,Sale,33195.0
2021-09-17,1,MED MED,Production,1080 MPS Top Cover,455,22.13,Sale,10069.15
2021-11-23,70,MED MED,Production,1081 MPS Bottom Cover,300,22.13,Sale,6639.0
2021-12-14,76,MED MED,Production,1081 MPS Bottom Cover,690,22.13,Sale,15269.7
2021-12-21,81,MED MED,Production,1081 MPS Bottom Cover,300,22.13,Sale,6639.0
2022-02-17,103,MED MED,Production,1080 MPS Top Cover,1000,22.13,Sale,22130.0
2022-02-17,103,MED MED,Production,1081 MPS Bottom Cover,1000,22.13,Sale,22130.0
2022-02-24,107,MED MED,Production,1080 MPS Top Cover,1000,22.13,Sale,22130.0
2022-02-24,108,MED MED,Production,1081 MPS Bottom Cover,1000,22.13,Sale,22130.0
2022-04-20,129,MED MED,Production,1080 MPS Top Cover,600,22.13,Sale,13278.0
2022-04-20,129,MED MED,Production,1081 MPS Bottom Cover,600,22.13,Sale,13278.0
2022-04-24,130,MED MED,Production,1081 MPS Bottom Cover,1350,22.13,Sale,29875.5
2022-04-24,130,MED MED,Production,1080 MPS Top Cover,1350,22.13,Sale,29875.5
2022-05-25,147,MED MED,Production,1080 MPS Top Cover,180,22.13,Sale,3983.4
2022-07-01,173,MED MED,Production,1080 MPS Top Cover,500,22.13,Sale,11065.0
2022-07-01,173,MED MED,Production,1081 MPS Bottom Cover,500,22.13,Sale,11065.0
2022-07-14,176,MED MED,Production,1080 MPS Top Cover,750,22.13,Sale,16597.5
2022-07-14,176,MED MED,Production,1081 MPS Bottom Cover,750,22.13,Sale,16597.5
2022-07-22,180,MED MED,Production,1080 MPS Top Cover,750,22.13,Sale,16597.5
2022-07-22,180,MED MED,Production,1081 MPS Bottom Cover,750,22.13,Sale,16597.5
2022-07-29,182,MED MED,Production,1080 MPS Top Cover,750,22.13,Sale,16597.5
2022-08-09,186,MED MED,Production,1081 MPS Bottom Cover,1200,22.13,Sale,26556.0
2021-04-12,5,MED MED,Production,303 - CPDS FILMER SHIELD,1000,21.57,Sale,21570.0
2021-04-16,6,MED MED,Production,303 - CPDS FILMER SHIELD,882,21.57,Sale,19024.74
2021-07-02,29,MED MED,Production,303 - CPDS FILMER SHIELD,987,21.57,Sale,21289.59
2021-09-03,51,MED MED,Production,303 - CPDS FILMER SHIELD,1998,21.57,Sale,43096.86
2021-12-20,79,MED MED,Production,303 - CPDS FILMER SHIELD,1000,21.57,Sale,21570.0
2022-02-24,107,MED MED,Production,303 - CPDS FILMER SHIELD,500,21.57,Sale,10785.0
2022-03-25,119,MED MED,Production,303 - CPDS FILMER SHIELD,1000,21.57,Sale,21570.0
2022-04-24,132,MED MED,Production,303 - CPDS FILMER SHIELD,1000,21.57,Sale,21570.0
2022-05-20,141,MED MED,Production,303 - CPDS FILMER SHIELD,480,21.57,Sale,10353.6
2022-05-25,146,MED MED,Production,303 - CPDS FILMER SHIELD,210,21.57,Sale,4529.7
2022-06-24,168,MED MED,Production,303 - CPDS FILMER SHIELD,700,21.57,Sale,15099.0
2022-07-01,172,MED MED,Production,303 - CPDS FILMER SHIELD,500,21.57,Sale,10785.0
2022-07-22,179,MED MED,Production,303 - CPDS FILMER SHIELD,500,21.57,Sale,10785.0
2021-06-11,22,MED MED,Production,1151 IBT/PBT Body,432,20.16,Sale,8709.12
2021-06-25,28,MED MED,Production,1151 IBT/PBT Body,860,20.16,Sale,17337.6
2021-09-03,52,MED MED,Production,1151 IBT/PBT Body,320,20.16,Sale,6451.2
2021-10-22,60,MED MED,Production,IBT Body PC,100,20.16,Sale,2016.0
2021-10-26,62,MED MED,Production,1151 IBT/PBT Body,107,20.16,Sale,2157.12
2021-10-28,65,MED MED,Production,1151 IBT/PBT Body,223,20.16,Sale,4495.68
2021-11-14,69,MED MED,Production,1151 IBT/PBT Body,350,20.16,Sale,7056.0
2021-11-23,70,MED MED,Production,1151 IBT/PBT Body,350,20.16,Sale,7056.0
2021-12-14,76,MED MED,Production,IBT Body PC,350,20.16,Sale,7056.0
2021-12-20,79,MED MED,Production,1151 IBT/PBT Body,200,20.16,Sale,4032.0
2022-01-20,87,MED MED,Production,1151 IBT/PBT Body,200,20.16,Sale,4032.0
2022-01-27,92,MED MED,Production,1151 IBT/PBT Body,200,20.16,Sale,4032.0
2022-01-28,93,MED MED,Production,1151 IBT/PBT Body,600,20.16,Sale,12096.0
2022-02-17,102,MED MED,Production,1151 IBT/PBT Body,200,20.16,Sale,4032.0
2022-03-02,113,MED MED,Production,1151 IBT/PBT Body,100,20.16,Sale,2016.0
2022-05-04,136,MED MED,Production,1151 IBT/PBT Body,226,20.16,Sale,4556.16
2022-05-09,137,MED MED,Production,1151 IBT/PBT Body,135,20.16,Sale,2721.6
2022-05-16,140,MED MED,Production,1151 IBT/PBT Body,400,20.16,Sale,8064.0
2022-05-20,142,MED MED,Production,1151 IBT/PBT Body,300,20.16,Sale,6048.0
2022-05-25,148,MED MED,Production,1151 IBT/PBT Body,85,20.16,Sale,1713.6
2022-05-30,150,MED MED,Production,1151 IBT/PBT Body,500,20.16,Sale,10080.0
2022-06-17,164,MED MED,Production,1151 IBT/PBT Body,100,20.16,Sale,2016.0
2022-06-22,166,MED MED,Production,1151 IBT/PBT Body,700,20.16,Sale,14112.0
2022-06-24,168,MED MED,Production,1151 IBT/PBT Body,200,20.16,Sale,4032.0
2022-07-14,176,MED MED,Production,1151 IBT/PBT Body,200,20.16,Sale,4032.0
2022-07-22,180,MED MED,Production,1151 IBT/PBT Body,336,20.16,Sale,6773.76
2022-08-16,190,MED MED,Production,1151 IBT/PBT Body,400,20.16,Sale,8064.0
2022-08-24,193,MED MED,Production,1151 IBT/PBT Body,1000,20.16,Sale,20160.0
2021-07-07,31,STG,Production,T -737 Packing Trays,3568,17.0,Sale,60656.0
2021-07-28,41,STG,Production,T-737 packing trays,7400,17.0,Sale,125800.0
2021-04-03,1,MED MED,Production,309-SHELL BOTTOM COVER HIPS,1030,15.71,Sale,16181.3
2021-06-25,28,MED MED,Production,1062 CON  CPDS SHELL BOTTOM COVER,1850,15.71,Sale,29063.5
2021-09-03,52,MED MED,Production,1062 CON  CPDS SHELL BOTTOM COVER,1440,15.71,Sale,22622.4
2021-12-20,80,MED MED,Production,1062 CON  CPDS SHELL BOTTOM COVER,490,15.71,Sale,7697.9
2021-12-21,81,MED MED,Production,1062 CON  CPDS SHELL BOTTOM COVER,510,15.71,Sale,8012.1
2022-01-24,91,MED MED,Production,1062 CON  CPDS SHELL BOTTOM COVER,1000,15.71,Sale,15710.0
2022-04-20,128,MED MED,Production,1062 CON  CPDS SHELL BOTTOM COVER,1000,15.71,Sale,15710.0
2022-05-16,139,MED MED,Production,1062 CON  CPDS SHELL BOTTOM COVER,1000,15.71,Sale,15710.0
2022-07-14,176,MED MED,Production,1062 CON  CPDS SHELL BOTTOM COVER,300,15.71,Sale,4713.0
2022-07-22,180,MED MED,Production,1062 CON  CPDS SHELL BOTTOM COVER,1200,15.71,Sale,18852.0
2021-06-18,27,SIMMED,Production,"ADAPTOR RE, WORK",1362,15.0,Sale,20430.0
2021-10-18,59,SIMMED,Production,ADAPTER RECTIFICATION WORK,500,15.0,Sale,7500.0
2022-08-09,186,MED MED,Production,225 MPS 1/8 soft y connector,350,15.0,Sale,5250.0
2022-08-16,190,MED MED,Production,225 MPS 1/8 soft y connector,800,15.0,Sale,12000.0
2022-08-24,193,MED MED,Production,225 MPS 1/8 soft y connector,1500,15.0,Sale,22500.0
2021-06-04,9,MED MED,Production,225 MPS 1/8 soft y connector,300,13.23,Sale,3969.0
2021-06-11,23,MED MED,Production,225 MPS 1/8 soft y connector,300,13.23,Sale,3969.0
2021-06-25,28,MED MED,Production,225 MPS 1/8 soft y connector,150,13.23,Sale,1984.5
2021-07-02,29,MED MED,Production,225 MPS 1/8 soft y connector,1068,13.23,Sale,14129.64
2021-07-21,37,MED MED,Production,225 MPS 1/8 soft y connector,541,13.23,Sale,7157.43
2021-08-10,45,MED MED,Production,225 MPS 1/8 soft y connector,300,13.23,Sale,3969.0
2021-08-20,48,MED MED,Production,225 MPS 1/8 soft y connector,360,13.23,Sale,4762.8
2021-10-01,2,MED MED,Production,225 MPS 1/8 soft y connector,400,13.23,Sale,5292.0
2021-10-06,58,MED MED,Production,225 MPS 1/8 soft y connector,500,13.23,Sale,6615.0
2021-10-22,60,MED MED,Production,225 MPS 1/8 soft y connector,449,13.23,Sale,5940.27
2022-02-17,102,MED MED,Production,225 MPS 1/8 soft y connector,300,13.23,Sale,3969.0
2022-02-24,106,MED MED,Production,225 MPS 1/8 soft y connector,250,13.23,Sale,3307.5
2022-03-02,113,MED MED,Production,225 MPS 1/8 soft y connector,500,13.23,Sale,6615.0
2022-03-15,116,MED MED,Production,225 MPS 1/8 soft y connector,510,13.23,Sale,6747.3
2022-03-22,118,MED MED,Production,225 MPS 1/8 soft y connector,490,13.23,Sale,6482.7
2022-05-04,136,MED MED,Production,225 MPS 1/8 soft y connector,1500,13.23,Sale,19845.0
2022-05-09,137,MED MED,Production,225 MPS 1/8 soft y connector,500,13.23,Sale,6615.0
2022-05-25,148,MED MED,Production,225 MPS 1/8 soft y connector,100,13.23,Sale,1323.0
2022-05-27,149,MED MED,Production,225 MPS 1/8 soft y connector,60,13.23,Sale,793.8
2022-05-30,150,MED MED,Production,225 MPS 1/8 soft y connector,200,13.23,Sale,2646.0
2022-06-03,155,MED MED,Production,225 MPS 1/8 soft y connector,235,13.23,Sale,3109.05
2022-06-17,163,MED MED,Production,225 MPS 1/8 soft y connector,700,13.23,Sale,9261.0
2022-07-14,177,MED MED,Production,225 MPS 1/8 soft y connector,110,13.23,Sale,1455.3
2022-07-22,179,MED MED,Production,225 MPS 1/8 soft y connector,600,13.23,Sale,7938.0
2022-07-29,182,MED MED,Production,225 MPS 1/8 soft y connector,750,13.23,Sale,9922.5
2021-04-03,1,MED MED,Production,304-FLOW GUIDE HIPS,1950,12.19,Sale,23770.5
2021-07-02,29,MED MED,Production,304-FLOW GUIDE HIPS,608,12.19,Sale,7411.52
2021-07-15,35,MED MED,Production,304-FLOW GUIDE HIPS,1500,12.19,Sale,18285.0
2021-09-03,51,MED MED,Production,304-FLOW GUIDE HIPS,1680,12.19,Sale,20479.2
2022-02-11,99,MED MED,Production,304-FLOW GUIDE HIPS,500,12.19,Sale,6095.0
2022-03-15,116,MED MED,Production,304-FLOW GUIDE HIPS,470,12.19,Sale,5729.3
2022-04-20,127,MED MED,Production,304-FLOW GUIDE HIPS,1575,12.19,Sale,19199.25
2022-05-25,146,MED MED,Production,304-FLOW GUIDE HIPS,1000,12.19,Sale,12190.0
2022-06-10,161,MED MED,Production,304-FLOW GUIDE HIPS,1000,12.19,Sale,12190.0
2021-04-03,1,MED MED,Production,315-CPDS V VOLUME DISPLACER HIPS,1500,11.69,Sale,17535.0
2021-07-09,34,MED MED,Production,315-CPDS V VOLUME DISPLACER HIPS,1500,11.69,Sale,17535.0
2021-08-20,47,MED MED,Production,315-CPDS V VOLUME DISPLACER HIPS,2080,11.69,Sale,24315.2
2021-11-14,68,MED MED,Production,313 CPDS VOLUME DISPLACER,1020,11.69,Sale,11923.8
2021-11-23,70,MED MED,Production,315-CPDS V VOLUME DISPLACER HIPS,1980,11.69,Sale,23146.2
2021-12-14,77,MED MED,Production,315-CPDS V VOLUME DISPLACER HIPS,300,11.69,Sale,3507.0
2021-12-21,82,MED MED,Production,315-CPDS V VOLUME DISPLACER HIPS,1200,11.69,Sale,14028.0
2022-01-24,90,MED MED,Production,315-CPDS V VOLUME DISPLACER HIPS,2000,11.69,Sale,23380.0
2022-02-24,107,MED MED,Production,315-CPDS V VOLUME DISPLACER HIPS,2000,11.69,Sale,23380.0
2022-04-24,131,MED MED,Production,315-CPDS V VOLUME DISPLACER HIPS,1100,11.69,Sale,12859.0
2022-05-16,139,MED MED,Production,315-CPDS V VOLUME DISPLACER HIPS,1500,11.69,Sale,17535.0
2022-06-03,155,MED MED,Production,315-CPDS V VOLUME DISPLACER HIPS,2000,11.69,Sale,23380.0
2022-06-10,161,MED MED,Production,315-CPDS V VOLUME DISPLACER HIPS,1500,11.69,Sale,17535.0
2022-06-02,154,KAPPA,Production,PC insert,220,11.0,Sale,2420.0
2022-05-30,150,MED MED,Production,ibt bottom,80,10.5,Sale,840.0
2022-06-22,166,MED MED,Production,ibt bottom,340,10.5,Sale,3570.0
2022-06-28,169,MED MED,Production,ibt bottom,425,10.5,Sale,4462.5
2022-07-01,172,MED MED,Production,ibt bottom,650,10.5,Sale,6825.0
2022-07-08,175,MED MED,Production,ibt bottom,660,10.5,Sale,6930.0
2022-08-09,186,MED MED,Production,ibt bottom,1000,10.5,Sale,10500.0
2022-08-16,190,MED MED,Production,ibt bottom,1000,10.5,Sale,10500.0
2022-08-24,193,MED MED,Production,ibt bottom,155,10.5,Sale,1627.5
2022-05-27,149,MED MED,Production,ibt bottom,167,10.2,Sale,1703.4
2021-06-04,9,MED MED,Production,302 CPDS FILMER top,985,8.88,Sale,8746.8
2021-07-09,34,MED MED,Production,302 CPDS FILMER top,1000,8.88,Sale,8880.0
2021-07-15,35,MED MED,Production,302 CPDS FILMER top,1465,8.88,Sale,13009.2
2021-12-20,80,MED MED,Production,302 CPDS FILMER top,700,8.88,Sale,6216.0
2021-12-21,82,MED MED,Production,302 CPDS FILMER top,300,8.88,Sale,2664.0
2022-02-17,104,MED MED,Production,302 CPDS FILMER top,225,8.88,Sale,1998.0
2022-02-24,106,MED MED,Production,302 CPDS FILMER top,275,8.88,Sale,2442.0
2022-03-25,119,MED MED,Production,302 CPDS FILMER top,500,8.88,Sale,4440.0
2022-04-12,125,MED MED,Production,302 CPDS FILMER top,500,8.88,Sale,4440.0
2022-04-20,127,MED MED,Production,302 CPDS FILMER top,1500,8.88,Sale,13320.0
2022-05-20,141,MED MED,Production,302 CPDS FILMER top,1000,8.88,Sale,8880.0
2022-06-17,163,MED MED,Production,302 CPDS FILMER top,1200,8.88,Sale,10656.0
2022-06-02,154,KAPPA,Production,PC washer M6,300,8.0,Sale,2400.0
2021-04-03,1,MED MED,Production,204-MPS HE END P PLATE P/C,1000,7.64,Sale,7640.0
2021-06-11,22,MED MED,Production,204 MPS HE Holder Plate,500,7.64,Sale,3820.0
2021-07-02,29,MED MED,Production,204-MPS HE END P PLATE P/C,2300,7.64,Sale,17572.0
2021-09-17,1,MED MED,Production,204 MPS HE Holder Plate,4245,7.64,Sale,32431.8
2022-03-15,116,MED MED,Production,204 MPS HE Holder Plate,810,7.64,Sale,6188.4
2022-04-20,128,MED MED,Production,204 MPS HE Holder Plate,700,7.64,Sale,5348.0
2022-04-24,130,MED MED,Production,204 MPS HE Holder Plate,500,7.64,Sale,3820.0
2022-05-27,149,MED MED,Production,204 MPS HE Holder Plate,500,7.64,Sale,3820.0
2022-05-30,150,MED MED,Production,204-MPS HE END P PLATE P/C,1260,7.64,Sale,9626.4
2022-06-17,163,MED MED,Production,204 MPS HE Holder Plate,1500,7.64,Sale,11460.0
2022-06-22,165,MED MED,Production,204 MPS HE Holder Plate,1500,7.64,Sale,11460.0
2022-06-24,167,MED MED,Production,204 MPS HE Holder Plate,500,7.64,Sale,3820.0
2021-04-03,1,MED MED,Production,301-CPDS FILMER BOTTOM HIPS,1300,7.2,Sale,9360.0
2021-06-04,9,MED MED,Production,301-CPDS FILMER BOTTOM HIPS,458,7.2,Sale,3297.6
2021-08-20,47,MED MED,Production,301-CPDS FILMER BOTTOM HIPS,1000,7.2,Sale,7200.0
2021-11-14,68,MED MED,Production,301-CPDS FILMER BOTTOM HIPS,920,7.2,Sale,6624.0
2021-11-23,70,MED MED,Production,301-CPDS FILMER BOTTOM HIPS,280,7.2,Sale,2016.0
2021-12-21,81,MED MED,Production,301-CPDS FILMER BOTTOM HIPS,1000,7.2,Sale,7200.0
2022-02-17,104,MED MED,Production,301-CPDS FILMER BOTTOM HIPS,145,7.2,Sale,1044.0
2022-02-24,106,MED MED,Production,301-CPDS FILMER BOTTOM HIPS,355,7.2,Sale,2556.0
2022-04-12,125,MED MED,Production,301-CPDS FILMER BOTTOM HIPS,1500,7.2,Sale,10800.0
2022-04-20,127,MED MED,Production,301-CPDS FILMER BOTTOM HIPS,1000,7.2,Sale,7200.0
2022-04-24,132,MED MED,Production,301-CPDS FILMER BOTTOM HIPS,1000,7.2,Sale,7200.0
2022-05-25,146,MED MED,Production,301-CPDS FILMER BOTTOM HIPS,1000,7.2,Sale,7200.0
2022-06-17,163,MED MED,Production,301-CPDS FILMER BOTTOM HIPS,1200,7.2,Sale,8640.0
2022-06-09,160,GLASS,Production,HIPS packing Tray for reedswitch,1000,6.5,Sale,6500.0
2022-05-22,144,STG,Production,1500/1600 plastic tray,2895,5.5,Sale,15922.5
2022-05-23,145,STG,Production,1500/1600 plastic tray,3275,5.5,Sale,18012.5
2022-06-09,159,STG,Production,1500/1600 plastic tray,5081,5.5,Sale,27945.5
2022-07-05,174,STG,Production,1500/1600 plastic tray,5000,5.5,Sale,27500.0
2022-08-16,189,STG,Production,1500/1600 plastic tray,5000,5.5,Sale,27500.0
2022-06-01,152,Tracker,Production,Coaster ID card  bottom,720,4.95,Sale,3564.0
2022-06-01,152,Tracker,Production,Coater ID card top,720,4.85,Sale,3492.0
2021-07-07,32,STG,Production,1500/1600 plastic tray,4000,4.6,Sale,18400.0
2021-07-28,40,STG,Production,1500/1600 plastic tray,5900,4.6,Sale,27140.0
2021-09-13,56,STG,Production,1500/1600 plastic tray,5000,4.6,Sale,23000.0
2021-10-28,63,STG,Production,1500/1600 plastic tray,5000,4.6,Sale,23000.0
2021-11-29,72,STG,Production,1500/1600 plastic tray,5000,4.6,Sale,23000.0
2021-12-30,84,STG,Production,1500/1600 plastic tray,5000,4.6,Sale,23000.0
2022-02-02,95,STG,Production,1500/1600 plastic tray,5000,4.6,Sale,23000.0
2022-03-14,115,STG,Production,1500/1600 plastic tray,5000,4.6,Sale,23000.0
2022-03-15,117,STG,Production,1500/1600 plastic tray,1000,4.6,Sale,4600.0
2022-04-11,124,STG,Production,1500/1600 plastic tray,5000,4.6,Sale,23000.0
2022-05-13,138,STG,Production,1500/1600 plastic tray,251,4.6,Sale,1154.6
2021-07-05,30,Nannooh,Production,BLISTER PACK FOR WASH BASIN BRUSH,4050,4.5,Sale,18225.0
2021-09-12,54,Nannooh,Production,BLISTER PACK FOR WASH BASIN BRUSH,3035,4.5,Sale,13657.5
2022-01-05,85,Nannooh,Production,BLISTER PACK FOR WASH BASIN BRUSH,3058,4.5,Sale,13761.0
2022-04-07,123,Nannooh,Production,BLISTER PACK FOR WASH BASIN BRUSH,3100,4.5,Sale,13950.0
2022-08-03,183,Nannooh,Production,BLISTER PACK FOR WASH BASIN BRUSH,3156,4.5,Sale,14202.0
2021-04-09,3,MED MED,Production,306 - HE TOP CONNECTOR HIPS,1000,4.29,Sale,4290.0
2021-04-21,8,MED MED,Production,306 - HE TOP CONNECTOR HIPS,1400,4.29,Sale,6006.0
2021-06-16,25,MED MED,Production,306 - HE TOP CONNECTOR HIPS,1610,4.29,Sale,6906.9
2021-06-25,28,MED MED,Production,306 - HE TOP CONNECTOR HIPS,245,4.29,Sale,1051.05
2021-07-02,29,MED MED,Production,306 - HE TOP CONNECTOR HIPS,3612,4.29,Sale,15495.48
2021-06-10,21,STG,Production,1500/1600 plastic tray,5000,4.25,Sale,21250.0
2021-04-09,3,MED MED,Production,305 - HE BOTTOM CONNECTOR HIPS,1000,4.12,Sale,4120.0
2021-04-21,8,MED MED,Production,305 - HE BOTTOM CONNECTOR HIPS,700,4.12,Sale,2884.0
2021-06-25,28,MED MED,Production,305 - HE BOTTOM CONNECTOR HIPS,403,4.12,Sale,1660.36
2021-07-09,34,MED MED,Production,305 - HE BOTTOM CONNECTOR HIPS,1500,4.12,Sale,6180.0
2021-07-21,37,MED MED,Production,305 - HE BOTTOM CONNECTOR HIPS,1500,4.12,Sale,6180.0
2021-09-13,55,MED MED,Production,305 - HE BOTTOM CONNECTOR HIPS,1500,4.12,Sale,6180.0
2021-10-01,2,MED MED,Production,205 CPDS HE BOTTOM CONNECTOR,500,4.12,Sale,2060.0
2021-10-06,58,MED MED,Production,305 - HE BOTTOM CONNECTOR HIPS,700,4.12,Sale,2884.0
2021-10-22,61,MED MED,Production,305 - HE BOTTOM CONNECTOR HIPS,300,4.12,Sale,1236.0
2021-11-14,68,MED MED,Production,205 CPDS HE BOTTOM CONNECTOR,1000,4.12,Sale,4120.0
2021-12-14,77,MED MED,Production,205 CPDS HE BOTTOM CONNECTOR,2000,4.12,Sale,8240.0
2022-01-20,86,MED MED,Production,305 - HE BOTTOM CONNECTOR HIPS,1000,4.12,Sale,4120.0
2022-02-17,103,MED MED,Production,305 - HE BOTTOM CONNECTOR HIPS,435,4.12,Sale,1792.2
2022-02-24,107,MED MED,Production,305 - HE BOTTOM CONNECTOR HIPS,565,4.12,Sale,2327.8
2022-03-22,118,MED MED,Production,305 - HE BOTTOM CONNECTOR HIPS,1000,4.12,Sale,4120.0
2022-03-25,119,MED MED,Production,305 - HE BOTTOM CONNECTOR HIPS,850,4.12,Sale,3502.0
2022-04-20,128,MED MED,Production,305 - HE BOTTOM CONNECTOR HIPS,150,4.12,Sale,618.0
2022-04-24,132,MED MED,Production,305 - HE BOTTOM CONNECTOR HIPS,1600,4.12,Sale,6592.0
2022-05-04,136,MED MED,Production,305 - HE BOTTOM CONNECTOR HIPS,400,4.12,Sale,1648.0
2022-05-20,142,MED MED,Production,305 - HE BOTTOM CONNECTOR HIPS,3000,4.12,Sale,12360.0
2022-06-03,155,MED MED,Production,305 - HE BOTTOM CONNECTOR HIPS,200,4.12,Sale,824.0
2022-06-24,167,MED MED,Production,305 - HE BOTTOM CONNECTOR HIPS,900,4.12,Sale,3708.0
2022-07-01,172,MED MED,Production,305 - HE BOTTOM CONNECTOR HIPS,1200,4.12,Sale,4944.0
2022-07-29,182,MED MED,Production,305 - HE BOTTOM CONNECTOR HIPS,1350,4.12,Sale,5562.0
2022-08-16,190,MED MED,Production,305 - HE BOTTOM CONNECTOR HIPS,800,4.12,Sale,3296.0
2021-12-14,77,MED MED,Production,306 - HE TOP CONNECTOR HIPS,2000,3.73,Sale,7460.0
2022-01-20,86,MED MED,Production,306 - HE TOP CONNECTOR HIPS,1000,3.73,Sale,3730.0
2022-02-11,99,MED MED,Production,306 - HE TOP CONNECTOR HIPS,1000,3.73,Sale,3730.0
2022-03-15,116,MED MED,Production,306 - HE TOP CONNECTOR HIPS,1500,3.73,Sale,5595.0
2022-04-20,128,MED MED,Production,306 - HE TOP CONNECTOR HIPS,2500,3.73,Sale,9325.0
2022-06-03,155,MED MED,Production,306 - HE TOP CONNECTOR HIPS,650,3.73,Sale,2424.5
2022-06-10,161,MED MED,Production,306 - HE TOP CONNECTOR HIPS,2000,3.73,Sale,7460.0
2022-06-17,164,MED MED,Production,306 - HE TOP CONNECTOR HIPS,2350,3.73,Sale,8765.5
2022-07-22,179,MED MED,Production,306 - HE TOP CONNECTOR HIPS,2000,3.73,Sale,7460.0
2021-10-06,58,MED MED,Production,1/4 CONNECTOR P/C MILK WHITE,1730,3.37,Sale,5830.1
2021-10-22,61,MED MED,Production,402 1/4 CONT P/C M/W,270,3.37,Sale,909.9
2022-05-20,142,MED MED,Production,402 CDS 1/4 CONNECTOR PC MILK WHITE,3000,3.37,Sale,10110.0
2022-07-08,175,MED MED,Production,402 CDS 1/4 CONNECTOR PC MILK WHITE,500,3.37,Sale,1685.0
2022-07-14,176,MED MED,Production,402 CDS 1/4 CONNECTOR PC MILK WHITE,1500,3.37,Sale,5055.0
2021-10-28,64,Tracker,Production,Spot Welding with buffing,1,3.0,Sale,3.0
2022-04-04,120,KCD,Production,Moulding job for nylon componenents -OD 15.5MM,920,3.0,Sale,2760.0
2022-04-13,126,KCD,Production,Moulding job for nylon componenents -OD 15.5MM,1920,3.0,Sale,5760.0
2021-06-11,23,MED MED,Production,214 MPS Volume Displacer,1855,2.68,Sale,4971.4
2021-07-09,34,MED MED,Production,214 MPS Volume Displacer,2645,2.68,Sale,7088.6
2021-07-21,37,MED MED,Production,214 MPS Volume Displacer,5415,2.68,Sale,14512.2
2021-09-13,55,MED MED,Production,214 MPS Volume Displacer,2120,2.68,Sale,5681.6
2021-09-17,1,MED MED,Production,214 MPS Volume Displacer,6661,2.68,Sale,17851.48
2022-03-15,116,MED MED,Production,214 MPS Volume Displacer,2500,2.68,Sale,6700.0
2022-04-12,125,MED MED,Production,214 MPS Volume Displacer,975,2.68,Sale,2613.0
2022-04-20,129,MED MED,Production,214 MPS Volume Displacer,3025,2.68,Sale,8107.0
2022-05-16,139,MED MED,Production,214 MPS Volume Displacer,1100,2.68,Sale,2948.0
2022-05-20,141,MED MED,Production,214 MPS Volume Displacer,1900,2.68,Sale,5092.0
2022-05-25,146,MED MED,Production,214 MPS Volume Displacer,1000,2.68,Sale,2680.0
2022-06-03,155,MED MED,Production,214 MPS Volume Displacer,1000,2.68,Sale,2680.0
2022-06-22,165,MED MED,Production,214 MPS Volume Displacer,1200,2.68,Sale,3216.0
2022-06-24,167,MED MED,Production,214 MPS Volume Displacer,3800,2.68,Sale,10184.0
2022-07-14,177,MED MED,Production,214 MPS Volume Displacer,650,2.68,Sale,1742.0
2022-07-22,179,MED MED,Production,214 MPS Volume Displacer,4350,2.68,Sale,11658.0
2022-08-18,192,MED MED,Production,214 MPS Volume Displacer,4000,2.68,Sale,10720.0
2022-08-24,193,MED MED,Production,214 MPS Volume Displacer,2500,2.68,Sale,6700.0
2022-02-22,105,Tracker,Production,Infant Tag press metal  for 300 set,1364,2.63,Sale,3587.32
2021-10-28,64,Tracker,Production,5MM rod  and cutting,1,2.5,Sale,2.5
2022-02-22,105,Tracker,Production,Infant tag rubber gasget,650,2.5,Sale,1625.0
2022-07-01,170,Navacon,Production,ABS Ring,1240,2.5,Sale,3100.0
2021-12-08,73,Peerless,Production,DEVICE  FOR RAPID TEST,250000,2.0,Sale,500000.0
2021-12-22,83,Peerless,Production,DEVICE  FOR RAPID TEST,3000,2.0,Sale,6000.0
2022-03-11,114,sanandha,Production,PP Cap,1060,2.0,Sale,2120.0
2022-04-07,122,Peerless,Production,DEVICE  FOR RAPID TEST,250000,2.0,Sale,500000.0
2022-07-01,170,Navacon,Production,Eagle inner cap,1825,2.0,Sale,3650.0
2022-08-08,185,Peerless,Production,DEVICE  FOR RAPID TEST,2000,2.0,Sale,4000.0
2022-08-12,188,Peerless,Production,DEVICE  FOR RAPID TEST,2500,2.0,Sale,5000.0
2021-04-12,5,MED MED,Production,1464- 1/4 CONNECTOR HIPS,1000,1.9,Sale,1900.0
2021-04-16,6,MED MED,Production,1464- 1/4 CONNECTOR HIPS,1000,1.9,Sale,1900.0
2021-04-21,8,MED MED,Production,1464- 1/4 CONNECTOR HIPS,1200,1.9,Sale,2280.0
2021-07-09,34,MED MED,Production,1464- 1/4 CONNECTOR HIPS,900,1.9,Sale,1710.0
2021-07-21,37,MED MED,Production,1464- 1/4 CONNECTOR HIPS,3000,1.9,Sale,5700.0
2021-08-10,44,MED MED,Production,1464- 1/4 CONNECTOR HIPS,3400,1.9,Sale,6460.0
2021-08-20,48,MED MED,Production,1464- 1/4 CONNECTOR HIPS,1600,1.9,Sale,3040.0
2021-09-13,55,MED MED,Production,1464- 1/4 CONNECTOR HIPS,1150,1.9,Sale,2185.0
2021-09-17,1,MED MED,Production,1464- 1/4 CONNECTOR HIPS,3370,1.9,Sale,6403.0
2021-10-01,2,MED MED,Production,1464- 1/4 CONNECTOR HIPS,522,1.9,Sale,991.8
2021-10-22,61,MED MED,Production,1464- 1/4 CONNECTOR HIPS,1000,1.9,Sale,1900.0
2021-12-21,81,MED MED,Production,1464- 1/4 CONNECTOR HIPS,2000,1.9,Sale,3800.0
2022-01-20,86,MED MED,Production,1464- 1/4 CONNECTOR HIPS,3000,1.9,Sale,5700.0
2022-02-11,99,MED MED,Production,1464- 1/4 CONNECTOR HIPS,1325,1.9,Sale,2517.5
2022-02-17,104,MED MED,Production,1464- 1/4 CONNECTOR HIPS,750,1.9,Sale,1425.0
2022-02-24,108,MED MED,Production,1464- 1/4 CONNECTOR HIPS,2975,1.9,Sale,5652.5
2022-03-22,118,MED MED,Production,1464- 1/4 CONNECTOR HIPS,1000,1.9,Sale,1900.0
2022-04-12,125,MED MED,Production,1464- 1/4 CONNECTOR HIPS,700,1.9,Sale,1330.0
2022-04-20,129,MED MED,Production,1464- 1/4 CONNECTOR HIPS,2100,1.9,Sale,3990.0
2022-05-04,136,MED MED,Production,1464- 1/4 CONNECTOR HIPS,1475,1.9,Sale,2802.5
2022-05-25,148,MED MED,Production,1464- 1/4 CONNECTOR HIPS,2000,1.9,Sale,3800.0
2022-05-27,149,MED MED,Production,1464- 1/4 CONNECTOR HIPS,1550,1.9,Sale,2945.0
2022-07-08,175,MED MED,Production,1464- 1/4 CONNECTOR HIPS,5000,1.9,Sale,9500.0
2022-07-14,176,MED MED,Production,1464- 1/4 CONNECTOR HIPS,1000,1.9,Sale,1900.0
2022-08-18,192,MED MED,Production,1464- 1/4 CONNECTOR HIPS,1300,1.9,Sale,2470.0
2021-09-07,53,Peerless,Production,DEVICE FOR RAPID TEST,250000,1.85,Sale,462500.0
2021-04-21,8,MED MED,Production,1467-PP CONNECTOR HIPS,1500,1.38,Sale,2070.0
2021-06-04,9,MED MED,Production,1467-PP CONNECTOR HIPS,1100,1.38,Sale,1518.0
2021-06-11,22,MED MED,Production,1467 COM Priming Port Connector HIPS,2000,1.38,Sale,2760.0
2021-07-09,34,MED MED,Production,1467 COM Priming Port Connector HIPS,935,1.38,Sale,1290.3
2021-07-21,37,MED MED,Production,1467-PP CONNECTOR HIPS,600,1.38,Sale,828.0
2021-08-10,44,MED MED,Production,1467 COM Priming Port Connector HIPS,2000,1.38,Sale,2760.0
2021-08-20,48,MED MED,Production,1467 COM Priming Port Connector HIPS,3000,1.38,Sale,4140.0
2021-09-17,1,MED MED,Production,1467 COM Priming Port Connector HIPS,4330,1.38,Sale,5975.4
2021-10-01,2,MED MED,Production,1467-PP CONNECTOR HIPS,694,1.38,Sale,957.72
2021-12-20,80,MED MED,Production,1467 COM Priming Port Connector HIPS,2000,1.38,Sale,2760.0
2022-01-20,86,MED MED,Production,1467-PP CONNECTOR HIPS,3000,1.38,Sale,4140.0
2022-02-11,99,MED MED,Production,1467-PP CONNECTOR HIPS,3000,1.38,Sale,4140.0
2022-02-24,108,MED MED,Production,1467 COM Priming Port Connector HIPS,2000,1.38,Sale,2760.0
2022-04-12,125,MED MED,Production,1467 COM Priming Port Connector HIPS,2000,1.38,Sale,2760.0
2022-04-20,129,MED MED,Production,1467-PP CONNECTOR HIPS,2470,1.38,Sale,3408.6
2022-05-25,147,MED MED,Production,1467 COM Priming Port Connector HIPS,700,1.38,Sale,966.0
2022-05-27,149,MED MED,Production,1467 COM Priming Port Connector HIPS,1100,1.38,Sale,1518.0
2022-05-30,150,MED MED,Production,1467 COM Priming Port Connector HIPS,1000,1.38,Sale,1380.0
2022-06-03,155,MED MED,Production,1467 COM Priming Port Connector HIPS,2500,1.38,Sale,3450.0
2022-06-10,161,MED MED,Production,1467 COM Priming Port Connector HIPS,4300,1.38,Sale,5934.0
2022-06-17,164,MED MED,Production,1467 COM Priming Port Connector HIPS,500,1.38,Sale,690.0
2022-07-08,175,MED MED,Production,1467-PP CONNECTOR HIPS,200,1.38,Sale,276.0
2021-10-01,57,MEDICO,Production,1493 PP end cap,5000,1.35,Sale,6750.0
2021-06-04,9,MED MED,Production,1493 PP end cap,2000,1.27,Sale,2540.0
2021-06-11,22,MED MED,Production,1493 COM End Cap,1900,1.27,Sale,2413.0
2021-06-11,24,MED MED,Production,1493 COM End Cap,950,1.27,Sale,1206.5
2021-06-25,28,MED MED,Production,1493 COM End Cap,300,1.27,Sale,381.0
2021-08-10,45,MED MED,Production,1493 PP end cap,1600,1.27,Sale,2032.0
2021-10-01,2,MED MED,Production,1493 PP end cap,2400,1.27,Sale,3048.0
2021-10-22,61,MED MED,Production,1493 PP end cap,1800,1.27,Sale,2286.0
2022-01-20,86,MED MED,Production,1493 PP end cap,2800,1.27,Sale,3556.0
2022-01-24,91,MED MED,Production,1493 COM End Cap,2200,1.27,Sale,2794.0
2022-02-11,99,MED MED,Production,1493 COM End Cap,1690,1.27,Sale,2146.3
2022-02-24,108,MED MED,Production,1493 COM End Cap,310,1.27,Sale,393.7
2022-05-16,140,MED MED,Production,1493 COM End Cap,3500,1.27,Sale,4445.0
2022-06-22,166,MED MED,Production,1493 COM End Cap,2200,1.27,Sale,2794.0
2022-07-01,172,MED MED,Production,1493 COM End Cap,1500,1.27,Sale,1905.0
2022-07-14,176,MED MED,Production,1493 COM End Cap,300,1.27,Sale,381.0
2022-06-30,171,MEDEVIS,Production,Cathetor packaging cover,2450,0.98,Sale,2401.0
2022-07-01,170,Navacon,Production,bullet 1000,5240,0.4,Sale,2096.0
2022-08-18,191,Navacon,Production,bullet 1000,8920,0.4,Sale,3568.0
2022-07-01,170,Navacon,Production,bullet 500,5030,0.3,Sale,1509.0
2022-08-18,191,Navacon,Production,bullet 500,6220,0.3,Sale,1866.0
